Channel Title,Video Link,Channel Link
OpeninApp,https://www.youtube.com/c/OpeninApp,https://www.youtube.com/c/OpeninApp
YITAMotor - YouTube,https://www.youtube.com/watch?v=Mi4eiO-ESG0,https://www.youtube.com/channel/UCtgru8HUCtjlGuVfgT-aA9A
oedro - YouTube,https://www.youtube.com/watch?v=OuxYGlIvong,https://www.youtube.com/channel/UCJ2Hexjg59NLlFZAodX6eWg
Open Youtube Videos in App using Openinapp- Better User ...,https://www.youtube.com/watch?v=-GvsoRszRt4,https://www.youtube.com/channel/UCIGDcUqL2kKMdJCpIr_dfxg
oedro - YouTube,https://www.youtube.com/watch?v=1k3rW_MMvg4,https://www.youtube.com/channel/UCJ2Hexjg59NLlFZAodX6eWg
Your browser can't play this video. Learn more - YouTube,https://www.youtube.com/watch?v=PGlA4IdGQtI,https://www.youtube.com/channel/UCs7s_GU4POReXU1wkNZJRrQ
oedro - YouTube,https://www.youtube.com/watch?v=yx0abfdHY8Q,https://www.youtube.com/channel/UCJ2Hexjg59NLlFZAodX6eWg
The Traders on weekend! | VP Financials - YouTube,https://www.youtube.com/watch?v=xWC86v6p258,https://www.youtube.com/channel/UCSyhu4VGGxWhsqDxqnsG7vw
Rev up your Father's Day celebrations with ... - YouTube,https://www.youtube.com/watch?v=bfs2y2y7hh0,https://www.youtube.com/channel/UCtgru8HUCtjlGuVfgT-aA9A
Sign in - YouTube,https://www.youtube.com/watch?v=pS-3W8KHj4k,https://www.youtube.com/channel/UC4GdDkyuNzjnJTB-nQuLNSQ
Sign in - YouTube,https://www.youtube.com/watch?v=_vok3EqklOU,https://www.youtube.com/channel/UCs7s_GU4POReXU1wkNZJRrQ
Asma Khanam - YouTube,https://www.youtube.com/watch?v=CFbyjoBoWTw,https://www.youtube.com/channel/UCdX_KVt0S-B0wvVCPHwmRwg
Dance To Dance - YouTube,https://www.youtube.com/watch?v=x6nrchdG_5k,https://www.youtube.com/channel/UCQjKykVcd4exsP9CB6xRbUg
Thecrazysk,https://www.youtube.com/c/TheCrazySk/community,https://www.youtube.com/c/TheCrazySk/community
Clear Your Loans With This #shorts - YouTube,https://www.youtube.com/watch?v=jaYSj4c2obE,https://www.youtube.com/channel/UCeEP6GESh2t4-e2132uj3Sg
3 Must Have Travel Accessories under 500 #hindi ... - YouTube,https://www.youtube.com/watch?v=lRt8ZY2Ar3c,https://www.youtube.com/channel/UCcEemKX91VohoKl6uRBAPyQ
How to use openinapp | How To Open Link Directly in App,https://www.youtube.com/watch?v=vOo-VyPIiW0,https://www.youtube.com/channel/UC3gnV5Yt4crSTk1mHDejZVA
Sign in - YouTube,https://www.youtube.com/watch?v=1mjEXESNXgY,https://www.youtube.com/channel/UCdX_KVt0S-B0wvVCPHwmRwg
29 subscribers - YouTube,https://www.youtube.com/watch?v=y8N7ORShafg,https://www.youtube.com/channel/UCdX_KVt0S-B0wvVCPHwmRwg
Sign in - YouTube,https://www.youtube.com/watch?v=JN0BXZIE3PQ,https://www.youtube.com/channel/UC9V7on1ikcP3isfy-lcIhEA
Sign in - YouTube,https://www.youtube.com/watch?v=sGXxM8zOriU,https://www.youtube.com/channel/UCaDOM5ND7iSAkCK3_rEaKYw
Food & Travel India,https://www.youtube.com/post/UgkxkNMzcb3UCWm4sfl1TtmpUE9eRv_qGnSj,https://www.youtube.com/channel/None
YITAMotor - YouTube,https://www.youtube.com/watch?v=trahYtTbEpc,https://www.youtube.com/channel/UCtgru8HUCtjlGuVfgT-aA9A
Your browser can't play this video. Learn more - YouTube,https://www.youtube.com/watch?v=bsD3592Zey0,https://www.youtube.com/channel/UCTUHxIwDE6O6pDjK1347NZw
openinapp,https://www.youtube.com/hashtag/openinapp,https://www.youtube.com/hashtag/openinapp
Mentor is The Gold - YouTube,https://www.youtube.com/watch?v=h3YopjTcBko,https://www.youtube.com/channel/UCeKEIS_6m0-hMomFr_O54lg
dj kunal kb - YouTube,https://www.youtube.com/watch?v=6Fi3dFoA2Zc,https://www.youtube.com/channel/UCFm-PDJ_LpwFJ8pHzxjb_Cg
babu rocky - YouTube,https://www.youtube.com/watch?v=7iRNkkafp6M,https://www.youtube.com/channel/UClLpYFn3U_sC2bukgxNNFLg
Sign in - YouTube,https://www.youtube.com/watch?v=DFWXuhx7o_A,https://www.youtube.com/channel/UCTLSgMDLxTbE1Ymg0jpvmiQ
Subscribe - YouTube,https://www.youtube.com/watch?v=qtQZg9deBOM,https://www.youtube.com/channel/UCzHCLS-7yPauTKWRxAdKRpg
Sign in - YouTube,https://www.youtube.com/watch?v=IUw9yjlEDR4,https://www.youtube.com/channel/UCSxlck9X396tMZ22BEaWpJA
Asma Khanam - YouTube,https://www.youtube.com/watch?v=_ZWQ2TEkm7w,https://www.youtube.com/channel/UCdX_KVt0S-B0wvVCPHwmRwg
Sign in - YouTube,https://www.youtube.com/watch?v=FmQjzwtrkSc,https://www.youtube.com/channel/UC7nAv_hbM0f8jNXbXNCJUxg
Shivaeditor60 - YouTube,https://www.youtube.com/watch?v=9I8PN-MxSVM,https://www.youtube.com/channel/UCUWQ6Y40Oji07568jU1dO4g
Asma Khanam - YouTube,https://www.youtube.com/watch?v=8e65yiBMuuU,https://www.youtube.com/channel/UCdX_KVt0S-B0wvVCPHwmRwg
Sign in - YouTube,https://www.youtube.com/watch?v=Y0futiFT6-Y,https://www.youtube.com/channel/UC4GdDkyuNzjnJTB-nQuLNSQ
Auto Addicts,https://www.youtube.com/post/UgkxV9pJEoVzx_WuXzxrwx1iJhVKoBkgws1i,https://www.youtube.com/channel/None
ITC = Tobacco ?? - YouTube,https://www.youtube.com/watch?v=FeHmsfgB3lM,https://www.youtube.com/channel/UCeKEIS_6m0-hMomFr_O54lg
Arka,https://www.youtube.com/post/UgkxMdEAWOCKWBwt_OxgT6k9Sa-0mhEN9G-2,https://www.youtube.com/channel/None
One Move !! Big effects - YouTube,https://www.youtube.com/watch?v=j6QfKiSTazY,https://www.youtube.com/channel/UCeKEIS_6m0-hMomFr_O54lg
Don't Pay Negative Bank Balance #shorts - YouTube,https://www.youtube.com/watch?v=fscCla8QmuE,https://www.youtube.com/channel/UCeEP6GESh2t4-e2132uj3Sg
Sign in - YouTube,https://www.youtube.com/watch?v=PNwJ3HEzJAI,https://www.youtube.com/channel/UCdX_KVt0S-B0wvVCPHwmRwg
Savvy Fernweh,https://www.youtube.com/post/UgkxQQhaTXZCCl1eXhtnYR4BLs1UMXYcpn5j,https://www.youtube.com/channel/None
Sparky,https://www.youtube.com/post/UgkxMeBeKUxE9d4b0DZWnqeEk6Fx1_B-3Cfw,https://www.youtube.com/channel/None
Sign in - YouTube,https://www.youtube.com/watch?v=tr5tmXA4QYc,https://www.youtube.com/channel/UCvXvWJfWqD5DdWdnyYF6zkw
TESTED!! #shorts #hindi #viral #iphone - YouTube,https://www.youtube.com/watch?v=ZY4dlVGBLGU,https://www.youtube.com/channel/UCcEemKX91VohoKl6uRBAPyQ
Sign in - YouTube,https://www.youtube.com/watch?v=o62P6ekRxkw,https://www.youtube.com/channel/UCzHCLS-7yPauTKWRxAdKRpg
Sign in - YouTube,https://www.youtube.com/watch?v=utBmM9SSw5k,https://www.youtube.com/channel/UCaWjbsnV8KG-fNPyq6EPhkg
Sign in - YouTube,https://www.youtube.com/watch?v=yPMY5XUQBbo,https://www.youtube.com/channel/UCgtCC6_ZOexCUybEHk3CbYQ
Tourism and Innovation - YouTube,https://www.youtube.com/watch?v=1ybWhgpGjqM,https://www.youtube.com/channel/UCeKEIS_6m0-hMomFr_O54lg
Sign in - YouTube,https://www.youtube.com/watch?v=_k3jIVkQf0k,https://www.youtube.com/channel/UCdX_KVt0S-B0wvVCPHwmRwg
Asma Khanam - YouTube,https://www.youtube.com/watch?v=XtwCD68JfJU,https://www.youtube.com/channel/UCdX_KVt0S-B0wvVCPHwmRwg
Reality Of Dubai Trip| #finance #shorts - YouTube,https://www.youtube.com/watch?v=Z8ofLza36EU,https://www.youtube.com/channel/UChBT5TlUeG68PKvJSg6MkqQ
Nana patekar angry on tere vaaste because ... - YouTube,https://www.youtube.com/watch?v=YNFxR-kyUD4,https://www.youtube.com/channel/UCM38P_Li1GLuDy-_3R1dVCw
Guru Ghantal,https://www.youtube.com/post/UgkxW2WYtNkpBh3er91pV6dzvCe26rBHgeAG,https://www.youtube.com/channel/None
Bisht's Dreams,https://www.youtube.com/post/Ugkxe-dKFE1u99CYQ_jnZIU36-GKFdtRII1F,https://www.youtube.com/channel/None
Gaming - YouTube,https://www.youtube.com/watch?v=RO5Iwb3JMF8,https://www.youtube.com/channel/UC7nAv_hbM0f8jNXbXNCJUxg
??? ??????? ??? ??????? - YouTube,https://www.youtube.com/watch?v=wN4YGb_xTDs,https://www.youtube.com/channel/UCe4l9X5WfBf_XVnJUfzIVCQ
PJain,https://www.youtube.com/post/Ugkx05EsCRH92it5kN0YBwD8HlG4yKfLAWag,https://www.youtube.com/channel/None
15 subscribers - YouTube,https://www.youtube.com/watch?v=SlLqjvkTyhQ,https://www.youtube.com/channel/UCdX_KVt0S-B0wvVCPHwmRwg
Asma Khanam - YouTube,https://www.youtube.com/watch?v=cg68Oj-qcwc,https://www.youtube.com/channel/UCdX_KVt0S-B0wvVCPHwmRwg
DSA,https://www.youtube.com/channel/UClOQrZIZQZojI3CmJ3jC2eg,https://www.youtube.com/channel/None
Trading with Groww,https://www.youtube.com/channel/UC9o1F_8M5B1hZ00posMaY0g,https://www.youtube.com/channel/None
Sign in - YouTube,https://www.youtube.com/watch?v=PWiFT3CLCEo,https://www.youtube.com/channel/UCDM_6JROsHGIOgZOilxiuOQ
BFS graph in data structure & algorithms - DSA - YouTube,https://www.youtube.com/watch?v=Q84PteAKy8M,https://www.youtube.com/channel/UClOQrZIZQZojI3CmJ3jC2eg
How to Open Insta stories directly in App with #openinapp ...,https://www.youtube.com/watch?v=Njo_GPYbTvY,https://www.youtube.com/channel/UCkrFKmxXrLs2_rFzD4XM5Sw
Best Amazon Gadgets for Home Cleaning!! #viral ... - YouTube,https://www.youtube.com/watch?v=135nlQ4ugvE,https://www.youtube.com/channel/UCcEemKX91VohoKl6uRBAPyQ
b biswajit official - YouTube,https://www.youtube.com/watch?v=fCuNlTzvzcc,https://www.youtube.com/channel/UCevyEjINbcybcFqZil_GyUA
Your browser can't play this video. Learn more - YouTube,https://www.youtube.com/watch?v=a75Kj8G7xw0,https://www.youtube.com/channel/UCl-eEUOw4DrP9LWWZs0vlQg
GLOW RECIPE Watermelon Glow AHA Night ...,https://www.youtube.com/watch?v=c0MjfSq1jJs,https://www.youtube.com/channel/UCjAN96n1KcKIKfeWPU2PCzQ
"Apple Launched iPad 10th Gen, iPad Pro 2022, OPPO Reno 8 ...",https://www.youtube.com/watch?v=WNZUum4AxDc,https://www.youtube.com/channel/UCb-xXZ7ltTvrh9C6DgB9H-Q
Discount On New Vehicle | #finance #shorts - YouTube,https://www.youtube.com/watch?v=Os15eYiA6qs,https://www.youtube.com/channel/UChBT5TlUeG68PKvJSg6MkqQ
Comments • 4 - YouTube,https://www.youtube.com/watch?v=KqZGpgIqK6Y,https://www.youtube.com/channel/UCvXvWJfWqD5DdWdnyYF6zkw
CUET Will be Difficult? #shorts - YouTube,https://www.youtube.com/watch?v=Z3rPk5Zm3x0,https://www.youtube.com/channel/UCM0--k8uumfySc926W-ydlg
Teint Idole Ultra Wear Care & Glow Serum Foundation/ Brown ...,https://www.youtube.com/watch?v=sc68B-IwjCY,https://www.youtube.com/channel/UCjAN96n1KcKIKfeWPU2PCzQ
Dont Do This In ATM | #finance #shorts - YouTube,https://www.youtube.com/watch?v=c-4FkyBwW9A,https://www.youtube.com/channel/UChBT5TlUeG68PKvJSg6MkqQ
finance #shorts - Resigned Job & Started Business - YouTube,https://www.youtube.com/watch?v=nKLwSzyW-6M,https://www.youtube.com/channel/UChBT5TlUeG68PKvJSg6MkqQ
Sign in - YouTube,https://www.youtube.com/watch?v=ySq5uPVrXyo,https://www.youtube.com/channel/UCvXvWJfWqD5DdWdnyYF6zkw
OpeninApp for Creators- Ensure High Ad Revenue ... - YouTube,https://www.youtube.com/watch?v=zEd9C0eRwzY,https://www.youtube.com/channel/UCIGDcUqL2kKMdJCpIr_dfxg
"Interior Cleaning ASMR, Guess The Product Real Or Fake?",https://www.youtube.com/watch?v=fQrNsIiNeTw,https://www.youtube.com/channel/UCBIHH323Q74eAPlBCYU-wFQ
New Apple IPad Le Liya ?? - YouTube,https://www.youtube.com/watch?v=OMqfnMIGb-E,https://www.youtube.com/channel/UCGLqsJQFlRKkJHOOiFR68_g
CallMeShazzam Vines,https://www.youtube.com/post/Ugkx2eUb2LsSprqM8kvQxmZ_yaHxqZB-mZLL,https://www.youtube.com/channel/None
Sign in - YouTube,https://www.youtube.com/watch?v=Bd4ES3gm06E,https://www.youtube.com/channel/UCdX_KVt0S-B0wvVCPHwmRwg
Which is the best phone under 10000 || Moto E13 or Samsung ...,https://www.youtube.com/watch?v=4h9mWVA_H4g,https://www.youtube.com/channel/UC7xdLQYOpbYuLpAfGwLN6Kw
Get flat 8% off Order Now - YouTube,https://www.youtube.com/watch?v=l8i99yKUgg0,https://www.youtube.com/channel/UCJ2Hexjg59NLlFZAodX6eWg
AK_ABHISHEK_999ff - YouTube,https://www.youtube.com/watch?v=IL6olHyCO2k,https://www.youtube.com/channel/UCaxMDIOBKdqyJAPjFIZfCHQ
What If Your Bank Shutdown | #finance #shorts - YouTube,https://www.youtube.com/watch?v=_45uaVvqXl0,https://www.youtube.com/channel/UChBT5TlUeG68PKvJSg6MkqQ
?20 Carry bag Scam Don't Pay for this | #shorts - YouTube,https://www.youtube.com/watch?v=j1Lmtld6fIE,https://www.youtube.com/channel/UChBT5TlUeG68PKvJSg6MkqQ
NEW Maybelline New York Shadow Blocks ...,https://www.youtube.com/watch?v=YgdoTxHive0,https://www.youtube.com/channel/UCjAN96n1KcKIKfeWPU2PCzQ
Sign in - YouTube,https://www.youtube.com/watch?v=4q6B3sm-5vM,https://www.youtube.com/channel/UCzHCLS-7yPauTKWRxAdKRpg
100% Pure Cosmetics Product Review (Discount ... - YouTube,https://www.youtube.com/watch?v=40wO7-FdZUo,https://www.youtube.com/channel/UCjAN96n1KcKIKfeWPU2PCzQ
Merit Beauty Great Skin Instant Glow Serum - 20% Off - YouTube,https://www.youtube.com/watch?v=qDIVTTnKnzQ,https://www.youtube.com/channel/UCjAN96n1KcKIKfeWPU2PCzQ
OpeninApp,https://www.youtube.com/c/OpeninApp/featured,https://www.youtube.com/c/OpeninApp/featured
Just ?1 Per Day ?? ?10 Lakhs Insurance | #shorts - YouTube,https://www.youtube.com/watch?v=NbHXQQ2cFNQ,https://www.youtube.com/channel/UChBT5TlUeG68PKvJSg6MkqQ
Sign in - YouTube,https://www.youtube.com/watch?v=0o7bwyrgo0Y,https://www.youtube.com/channel/UCzHCLS-7yPauTKWRxAdKRpg
Free Offer Till September 14th | #ytshorts #finance - YouTube,https://www.youtube.com/watch?v=bZzCv2t4PXs,https://www.youtube.com/channel/UChBT5TlUeG68PKvJSg6MkqQ
Police filed Case on me |#finance #shorts - YouTube,https://www.youtube.com/watch?v=EP5ZpohegVo,https://www.youtube.com/channel/UChBT5TlUeG68PKvJSg6MkqQ
Creator Carnival Event | Tabahi Event Unbelievable Fan ...,https://www.youtube.com/watch?v=Tjw8_obtAZM,https://www.youtube.com/channel/UCGLqsJQFlRKkJHOOiFR68_g
Sign in - YouTube,https://www.youtube.com/watch?v=DTu5MuevAgk,https://www.youtube.com/channel/UCzHCLS-7yPauTKWRxAdKRpg
Moto g73 5G First Look & Unboxing Dimensity 930 ... - YouTube,https://www.youtube.com/watch?v=G7QoMgd8USY,https://www.youtube.com/channel/UCKaHYFfz7S9X1tn5y7f9uvg
